device,time-diff,utilization.gpu [%],power.draw [W]
0F:00.0,0,0,52.83
0F:00.0,1,0,52.83
0F:00.0,2,0,52.83
0F:00.0,3,0,52.78
0F:00.0,4,0,52.83
0F:00.0,5,0,52.83
0F:00.0,6,0,52.83
0F:00.0,7,0,52.83
0F:00.0,8,0,52.83
0F:00.0,9,0,52.83
0F:00.0,10,0,52.83
0F:00.0,11,0,52.83
0F:00.0,12,0,52.83
0F:00.0,13,0,52.83
0F:00.0,14,0,52.83
0F:00.0,15,0,52.83
0F:00.0,16,0,52.83
0F:00.0,17,0,52.83
0F:00.0,18,0,52.83
0F:00.0,19,0,52.83
0F:00.0,20,0,52.83
0F:00.0,21,0,52.83
0F:00.0,22,0,52.83
0F:00.0,23,0,52.78
0F:00.0,24,0,52.78
0F:00.0,25,0,52.78
0F:00.0,26,0,52.78
0F:00.0,27,0,52.78
0F:00.0,28,0,52.78
0F:00.0,29,0,52.78
0F:00.0,30,0,52.78
0F:00.0,31,0,52.78
0F:00.0,32,0,52.78
0F:00.0,33,0,52.78
0F:00.0,34,11,57.80
0F:00.0,35,1,57.25
0F:00.0,36,0,57.47
0F:00.0,37,0,57.53
0F:00.0,38,0,57.53
0F:00.0,39,3,57.53
0F:00.0,40,0,57.53
0F:00.0,41,0,57.53
0F:00.0,43,3,57.53
0F:00.0,44,0,57.53
0F:00.0,45,4,57.53
0F:00.0,46,0,57.53
0F:00.0,47,0,57.53
0F:00.0,48,0,57.53
0F:00.0,49,0,57.53
0F:00.0,50,0,57.47
0F:00.0,51,0,57.53
0F:00.0,52,0,57.53
0F:00.0,53,0,57.53
0F:00.0,54,0,57.47
0F:00.0,55,0,57.53
0F:00.0,56,18,148.12
0F:00.0,57,0,57.53
0F:00.0,58,0,57.53
0F:00.0,60,0,57.80
0F:00.0,61,0,57.53
0F:00.0,62,0,57.53
0F:00.0,63,0,57.47
0F:00.0,64,0,57.53
0F:00.0,65,0,57.47
0F:00.0,66,0,57.47
0F:00.0,67,0,57.74
0F:00.0,68,0,57.47
0F:00.0,69,0,57.47
0F:00.0,70,0,57.53
0F:00.0,72,0,57.53
0F:00.0,73,0,57.47
0F:00.0,74,0,57.53
0F:00.0,75,0,57.74
0F:00.0,76,0,57.74
0F:00.0,77,0,57.74
0F:00.0,78,0,57.47
0F:00.0,79,0,57.53
0F:00.0,80,0,57.80
0F:00.0,81,7,57.80
0F:00.0,82,0,57.53
0F:00.0,83,0,57.47
0F:00.0,85,31,57.80
0F:00.0,86,0,57.53
0F:00.0,87,0,57.80
0F:00.0,88,0,57.53
0F:00.0,89,0,57.80
0F:00.0,90,0,57.80
0F:00.0,91,0,57.53
0F:00.0,92,0,57.47
0F:00.0,93,0,57.53
0F:00.0,94,0,57.80
0F:00.0,95,0,57.74
0F:00.0,96,0,57.74
0F:00.0,98,0,57.53
0F:00.0,99,0,57.80
0F:00.0,100,0,58.13
0F:00.0,101,0,57.80
0F:00.0,102,0,57.53
0F:00.0,103,0,57.53
0F:00.0,104,0,57.53
0F:00.0,105,0,57.47
0F:00.0,106,0,57.80
0F:00.0,107,0,57.53
0F:00.0,108,0,57.47
0F:00.0,109,0,57.53
0F:00.0,111,0,57.53
0F:00.0,112,0,57.53
0F:00.0,113,0,57.53
0F:00.0,114,0,57.80
0F:00.0,115,0,57.53
0F:00.0,116,0,57.53
0F:00.0,117,0,57.80
0F:00.0,118,0,57.53
0F:00.0,119,0,57.53
0F:00.0,120,0,57.53
0F:00.0,121,0,57.53
0F:00.0,122,0,57.53
0F:00.0,124,0,57.80
0F:00.0,125,0,57.47
0F:00.0,126,0,57.53
0F:00.0,127,0,57.74
0F:00.0,128,0,57.80
0F:00.0,129,0,57.74
0F:00.0,130,0,57.47
0F:00.0,132,0,65.38
0F:00.0,133,0,57.80
0F:00.0,134,0,57.80
0F:00.0,135,5,58.13
0F:00.0,136,0,57.53
0F:00.0,137,0,57.80
0F:00.0,138,0,57.53
0F:00.0,139,0,57.80
0F:00.0,140,0,57.47
0F:00.0,141,0,57.47
0F:00.0,142,0,57.80
0F:00.0,144,0,57.47
0F:00.0,145,0,57.80
0F:00.0,146,31,58.07
0F:00.0,147,0,57.80
0F:00.0,148,0,57.47
0F:00.0,149,0,57.74
0F:00.0,150,0,57.80
0F:00.0,151,0,57.74
0F:00.0,152,0,57.80
0F:00.0,153,0,57.80
0F:00.0,154,0,57.80
0F:00.0,155,31,57.74
0F:00.0,156,0,57.80
0F:00.0,158,0,57.74
0F:00.0,159,31,58.07
0F:00.0,160,0,57.74
0F:00.0,161,0,57.80
0F:00.0,162,0,57.74
0F:00.0,163,0,57.80
0F:00.0,164,0,57.74
0F:00.0,165,0,57.80
0F:00.0,166,0,57.80
0F:00.0,167,0,57.74
0F:00.0,168,0,57.74
0F:00.0,170,0,57.80
0F:00.0,171,0,57.53
0F:00.0,172,0,57.53
0F:00.0,173,21,57.80
0F:00.0,174,0,57.80
0F:00.0,175,0,57.53
0F:00.0,176,0,57.53
0F:00.0,177,0,57.53
0F:00.0,178,0,57.53
0F:00.0,179,0,57.53
0F:00.0,180,0,57.47
0F:00.0,181,0,57.47
0F:00.0,183,23,57.80
0F:00.0,184,0,57.80
0F:00.0,185,0,57.53
0F:00.0,186,0,57.80
0F:00.0,187,0,57.53
0F:00.0,188,0,57.80
0F:00.0,189,0,146.37
0F:00.0,190,0,57.74
0F:00.0,191,0,58.13
0F:00.0,192,0,57.74
0F:00.0,193,12,175.40
0F:00.0,194,0,57.74
0F:00.0,196,0,58.07
0F:00.0,197,0,57.80
0F:00.0,198,0,57.80
0F:00.0,199,0,57.53
0F:00.0,200,0,57.74
0F:00.0,201,0,57.80
0F:00.0,202,0,57.80
0F:00.0,203,0,57.47
0F:00.0,204,0,57.80
0F:00.0,205,0,57.53
0F:00.0,206,0,57.53
0F:00.0,207,0,57.80
0F:00.0,208,0,57.53
0F:00.0,210,0,57.47
0F:00.0,211,0,57.80
0F:00.0,212,0,57.74
0F:00.0,213,0,57.47
0F:00.0,214,31,57.74
0F:00.0,215,0,57.80
0F:00.0,216,0,57.53
0F:00.0,217,0,57.80
0F:00.0,218,0,57.80
0F:00.0,219,0,57.80
0F:00.0,220,0,57.80
0F:00.0,222,1,57.80
0F:00.0,223,0,57.80
0F:00.0,224,0,57.80
0F:00.0,225,0,57.80
0F:00.0,226,31,58.67
0F:00.0,227,0,57.74
0F:00.0,228,0,57.74
0F:00.0,229,0,57.74
0F:00.0,230,0,57.74
0F:00.0,231,0,57.74
0F:00.0,232,0,57.74
0F:00.0,233,0,57.74
0F:00.0,234,0,57.74
0F:00.0,236,0,57.74
0F:00.0,237,0,57.47
0F:00.0,238,0,57.47
0F:00.0,239,0,57.47
0F:00.0,240,0,57.47
0F:00.0,241,0,57.47
0F:00.0,242,0,57.47
0F:00.0,243,0,57.47
0F:00.0,244,0,57.74
0F:00.0,245,0,57.74
0F:00.0,246,0,57.47
0F:00.0,247,0,57.47
0F:00.0,248,0,57.53
0F:00.0,249,0,57.53
0F:00.0,250,0,57.80
0F:00.0,252,0,57.80
0F:00.0,253,0,57.53
0F:00.0,254,0,57.80
0F:00.0,255,0,57.80
0F:00.0,256,8,176.55
0F:00.0,257,0,57.80
0F:00.0,258,0,57.53
0F:00.0,259,0,57.53
0F:00.0,260,0,57.53
0F:00.0,261,0,57.53
0F:00.0,263,0,57.53
0F:00.0,264,0,57.80
0F:00.0,265,0,57.80
0F:00.0,266,0,57.53
0F:00.0,267,31,59.60
0F:00.0,268,0,57.80
0F:00.0,269,0,57.53
0F:00.0,270,10,57.74
0F:00.0,271,0,57.74
0F:00.0,273,0,57.47
0F:00.0,274,8,57.74
0F:00.0,275,31,58.13
0F:00.0,276,31,58.07
0F:00.0,277,31,57.74
0F:00.0,278,7,57.80
0F:00.0,279,0,57.74
0F:00.0,280,0,57.74
0F:00.0,281,0,57.74
0F:00.0,282,0,57.74
0F:00.0,283,0,147.51
0F:00.0,284,30,58.40
0F:00.0,285,31,57.80
0F:00.0,286,8,57.80
0F:00.0,287,20,58.13
0F:00.0,288,0,58.40
0F:00.0,289,0,57.80
0F:00.0,290,0,57.80
0F:00.0,291,0,57.74
0F:00.0,292,0,57.80
0F:00.0,294,0,57.80
0F:00.0,295,0,57.74
0F:00.0,296,14,171.58
0F:00.0,297,31,57.80
0F:00.0,298,9,57.80
0F:00.0,299,0,57.74
0F:00.0,300,0,57.74
0F:00.0,301,0,57.74
0F:00.0,302,0,57.74
0F:00.0,303,31,57.80
0F:00.0,304,4,57.53
0F:00.0,305,0,57.53
0F:00.0,306,0,57.47
0F:00.0,307,0,71.54
0F:00.0,308,0,71.82
0F:00.0,309,0,59.00
0F:00.0,310,0,57.80
0F:00.0,311,0,57.80
0F:00.0,312,0,57.74
0F:00.0,313,0,57.80
0F:00.0,314,0,177.15
0F:00.0,315,17,57.80
0F:00.0,317,0,57.80
0F:00.0,318,0,57.74
0F:00.0,319,0,57.80
0F:00.0,320,31,58.40
0F:00.0,321,15,57.80
0F:00.0,322,0,57.80
0F:00.0,323,0,57.74
0F:00.0,324,0,57.74
0F:00.0,325,31,161.32
0F:00.0,326,30,57.80
0F:00.0,327,0,57.80
0F:00.0,328,0,57.80
0F:00.0,329,0,57.80
0F:00.0,330,0,57.74
0F:00.0,331,25,70.68
0F:00.0,332,31,57.80
0F:00.0,333,7,57.74
0F:00.0,334,0,57.80
0F:00.0,335,0,57.80
0F:00.0,336,0,57.80
0F:00.0,337,31,62.83
0F:00.0,338,17,57.80
0F:00.0,340,0,57.80
0F:00.0,341,0,57.74
0F:00.0,342,0,57.80
0F:00.0,343,20,85.36
0F:00.0,344,31,57.80
0F:00.0,345,0,57.80
0F:00.0,346,0,57.80
0F:00.0,347,0,57.80
0F:00.0,348,0,67.45
0F:00.0,349,31,59.27
0F:00.0,350,26,57.80
0F:00.0,351,0,57.80
0F:00.0,352,0,57.74
0F:00.0,353,0,71.82
0F:00.0,354,0,71.90
0F:00.0,355,23,58.13
0F:00.0,356,31,57.80
0F:00.0,357,0,57.74
0F:00.0,358,0,57.80
0F:00.0,359,0,57.80
0F:00.0,360,0,57.80
0F:00.0,361,0,57.80
0F:00.0,362,0,57.80
0F:00.0,364,31,58.34
0F:00.0,365,8,57.74
0F:00.0,366,14,57.80
0F:00.0,367,0,57.80
0F:00.0,368,0,57.80
0F:00.0,369,0,57.80
0F:00.0,370,13,117.61
0F:00.0,371,31,57.74
0F:00.0,372,19,57.80
0F:00.0,373,0,57.74
0F:00.0,374,0,57.80
0F:00.0,375,0,58.13
0F:00.0,376,31,57.74
0F:00.0,377,20,57.80
0F:00.0,378,0,57.80
0F:00.0,379,0,57.80
0F:00.0,380,0,57.74
0F:00.0,381,22,70.68
0F:00.0,382,31,58.13
0F:00.0,383,0,57.74
0F:00.0,384,0,57.74
0F:00.0,385,0,57.74
0F:00.0,387,0,58.13
0F:00.0,388,23,66.58
0F:00.0,389,31,57.80
0F:00.0,390,0,57.80
0F:00.0,391,0,57.74
0F:00.0,392,0,57.74
0F:00.0,393,0,178.02
0F:00.0,394,31,57.74
0F:00.0,395,9,57.80
0F:00.0,396,0,57.80
0F:00.0,397,0,57.80
0F:00.0,398,0,57.74
0F:00.0,399,0,137.58
0F:00.0,400,0,212.46
0F:00.0,401,0,58.40
0F:00.0,402,0,57.74
0F:00.0,403,0,57.53
0F:00.0,404,0,57.53
0F:00.0,405,0,57.53
0F:00.0,406,0,59.81
0F:00.0,407,31,57.47
0F:00.0,408,0,57.53
0F:00.0,409,0,57.53
0F:00.0,410,0,57.53
0F:00.0,411,0,57.53
0F:00.0,413,0,57.53
0F:00.0,414,31,179.50
0F:00.0,415,28,57.53
0F:00.0,416,0,57.53
0F:00.0,417,0,57.53
0F:00.0,418,0,57.53
0F:00.0,419,0,57.53
0F:00.0,420,0,57.53
0F:00.0,421,31,58.13
0F:00.0,422,9,57.53
0F:00.0,423,0,57.53
0F:00.0,424,0,57.53
0F:00.0,425,0,57.53
0F:00.0,426,29,59.88
0F:00.0,427,30,57.53
0F:00.0,428,0,57.53
0F:00.0,429,0,57.53
0F:00.0,430,0,57.53
0F:00.0,431,0,57.53
0F:00.0,432,2,166.88
0F:00.0,433,31,57.53
0F:00.0,434,6,57.53
0F:00.0,435,0,57.80
0F:00.0,437,0,57.53
0F:00.0,438,10,97.46
0F:00.0,439,31,57.58
0F:00.0,440,0,57.53
0F:00.0,441,0,57.53
0F:00.0,442,0,57.58
0F:00.0,443,0,57.53
0F:00.0,444,31,57.58
0F:00.0,445,0,57.58
0F:00.0,446,0,71.90
0F:00.0,447,0,71.69
0F:00.0,448,0,57.58
0F:00.0,449,0,57.58
0F:00.0,450,0,57.58
0F:00.0,451,0,57.58
0F:00.0,452,17,57.58
0F:00.0,453,31,57.58
0F:00.0,454,0,57.58
0F:00.0,455,0,57.58
0F:00.0,456,0,57.58
0F:00.0,457,7,110.08
0F:00.0,458,31,57.53
0F:00.0,459,12,57.58
0F:00.0,460,0,57.58
0F:00.0,461,0,57.53
0F:00.0,462,0,57.53
0F:00.0,464,31,58.40
0F:00.0,465,31,57.53
0F:00.0,466,0,57.53
0F:00.0,467,0,57.80
0F:00.0,468,0,57.53
0F:00.0,469,0,57.80
0F:00.0,470,0,57.80
0F:00.0,471,0,57.53
0F:00.0,472,0,57.53
0F:00.0,473,0,57.53
0F:00.0,474,0,57.53
0F:00.0,475,0,57.53
0F:00.0,476,31,142.09
0F:00.0,477,20,57.53
0F:00.0,478,0,57.53
0F:00.0,479,0,57.53
0F:00.0,480,0,57.53
0F:00.0,481,0,57.53
0F:00.0,482,31,59.88
0F:00.0,483,0,57.53
0F:00.0,484,0,57.53
0F:00.0,485,0,57.53
0F:00.0,486,0,57.53
0F:00.0,488,31,77.71
0F:00.0,489,0,57.47
0F:00.0,490,0,57.53
0F:00.0,491,0,57.53
0F:00.0,492,0,57.47
0F:00.0,493,0,70.40
0F:00.0,494,0,70.40
0F:00.0,495,31,58.07
0F:00.0,496,10,57.47
0F:00.0,497,0,57.47
0F:00.0,498,0,57.47
0F:00.0,499,0,57.47
0F:00.0,500,31,153.41
0F:00.0,501,31,57.47
0F:00.0,502,0,57.47
0F:00.0,503,0,57.47
0F:00.0,504,0,57.47
0F:00.0,505,0,57.47
0F:00.0,506,0,57.47
0F:00.0,507,31,57.74
0F:00.0,508,17,57.74
0F:00.0,509,0,57.47
0F:00.0,510,0,57.47
0F:00.0,511,0,57.47
0F:00.0,512,31,80.33
0F:00.0,514,3,57.47
0F:00.0,515,0,57.47
0F:00.0,516,0,57.47
0F:00.0,517,0,57.47
0F:00.0,518,31,179.64
0F:00.0,519,27,57.74
0F:00.0,520,0,57.47
0F:00.0,521,0,57.47
0F:00.0,522,0,57.47
0F:00.0,523,0,57.53
0F:00.0,524,31,57.53
0F:00.0,525,30,57.58
0F:00.0,526,0,57.53
0F:00.0,527,0,57.53
0F:00.0,528,0,57.53
0F:00.0,529,3,57.53
0F:00.0,530,31,57.53
0F:00.0,531,5,57.53
0F:00.0,532,0,57.80
0F:00.0,533,0,57.53
0F:00.0,534,0,57.53
0F:00.0,535,0,57.53
0F:00.0,536,21,98.94
0F:00.0,537,31,57.53
0F:00.0,538,42,59.60
0F:00.0,540,29,59.60
0F:00.0,541,0,57.58
0F:00.0,542,0,57.53
0F:00.0,543,0,57.53
0F:00.0,544,0,57.53
0F:00.0,545,31,57.80
0F:00.0,546,31,57.53
0F:00.0,547,0,57.53
0F:00.0,548,0,57.53
0F:00.0,549,0,57.53
0F:00.0,550,23,59.00
0F:00.0,551,31,57.53
0F:00.0,552,0,57.53
0F:00.0,553,0,57.53
0F:00.0,554,0,57.53
0F:00.0,555,0,57.80
0F:00.0,556,31,57.53
0F:00.0,557,0,57.53
0F:00.0,558,0,57.53
0F:00.0,559,0,57.53
0F:00.0,560,0,57.53
0F:00.0,561,0,57.53
0F:00.0,562,31,57.53
0F:00.0,563,22,57.53
0F:00.0,564,0,57.53
0F:00.0,566,0,57.53
0F:00.0,567,6,57.53
0F:00.0,568,31,59.27
0F:00.0,569,0,57.53
0F:00.0,570,0,57.53
0F:00.0,571,0,57.53
0F:00.0,572,0,57.80
0F:00.0,573,15,61.35
0F:00.0,574,31,57.80
0F:00.0,575,22,57.53
0F:00.0,576,0,57.53
0F:00.0,577,0,57.53
0F:00.0,578,0,57.53
0F:00.0,579,0,173.65
0F:00.0,580,31,57.53
0F:00.0,581,14,57.53
0F:00.0,582,0,57.53
0F:00.0,583,0,57.53
0F:00.0,584,0,57.53
0F:00.0,585,0,60.75
0F:00.0,586,0,82.77
0F:00.0,587,19,59.27
0F:00.0,588,31,57.53
0F:00.0,589,7,57.53
0F:00.0,590,0,57.80
0F:00.0,592,0,57.53
0F:00.0,593,0,144.62
0F:00.0,594,15,60.75
0F:00.0,595,31,57.53
0F:00.0,596,0,57.53
0F:00.0,597,0,57.53
0F:00.0,598,0,57.53
0F:00.0,599,10,91.79
0F:00.0,600,31,57.53
0F:00.0,601,0,57.53
0F:00.0,602,0,57.53
0F:00.0,603,0,57.53
0F:00.0,604,0,57.53
0F:00.0,605,31,60.15
0F:00.0,606,18,57.53
0F:00.0,607,0,57.53
0F:00.0,608,0,57.53
0F:00.0,609,0,57.80
0F:00.0,610,11,61.95
0F:00.0,611,31,57.53
0F:00.0,612,20,57.53
0F:00.0,613,0,57.53
0F:00.0,614,0,57.53
0F:00.0,615,0,57.80
0F:00.0,616,0,57.53
0F:00.0,617,31,57.53
0F:00.0,619,3,57.80
0F:00.0,620,0,57.53
0F:00.0,621,0,57.53
0F:00.0,622,8,57.53
0F:00.0,623,2,57.53
0F:00.0,624,31,57.53
0F:00.0,625,20,57.53
0F:00.0,626,0,57.53
0F:00.0,627,0,57.53
0F:00.0,628,0,57.53
0F:00.0,629,4,57.53
0F:00.0,630,31,60.75
0F:00.0,631,55,71.54
0F:00.0,632,26,71.62
0F:00.0,633,0,57.80
0F:00.0,634,0,57.47
0F:00.0,635,0,57.80
0F:00.0,636,7,70.40
0F:00.0,637,31,58.07
0F:00.0,638,0,57.53
0F:00.0,639,0,57.53
0F:00.0,640,0,57.47
0F:00.0,641,0,57.53
0F:00.0,642,31,57.53
0F:00.0,643,12,57.53
0F:00.0,645,0,58.13
0F:00.0,646,0,57.53
0F:00.0,647,0,57.80
0F:00.0,648,31,57.53
0F:00.0,649,31,57.53
0F:00.0,650,0,57.53
0F:00.0,651,0,57.53
0F:00.0,652,0,57.53
0F:00.0,653,31,102.93
0F:00.0,654,31,57.53
0F:00.0,655,0,57.53
0F:00.0,656,0,57.53
0F:00.0,657,0,57.80
0F:00.0,658,0,57.53
0F:00.0,659,0,57.53
0F:00.0,660,31,57.53
0F:00.0,661,31,57.53
0F:00.0,662,0,57.47
0F:00.0,663,0,57.53
0F:00.0,664,0,57.53
0F:00.0,665,9,60.69
0F:00.0,666,31,57.53
0F:00.0,667,0,57.53
0F:00.0,669,0,57.53
0F:00.0,670,0,57.53
0F:00.0,671,0,175.68
0F:00.0,672,31,57.74
0F:00.0,673,21,57.47
0F:00.0,674,0,57.53
0F:00.0,675,0,57.80
0F:00.0,676,0,57.53
0F:00.0,677,47,150.46
0F:00.0,678,0,89.17
0F:00.0,679,31,57.80
0F:00.0,680,0,57.53
0F:00.0,681,0,57.47
0F:00.0,682,0,57.53
0F:00.0,683,0,57.47
0F:00.0,684,18,58.34
0F:00.0,685,31,57.80
0F:00.0,686,0,57.47
0F:00.0,687,0,57.53
0F:00.0,688,0,57.53
0F:00.0,689,0,57.53
0F:00.0,690,27,57.80
0F:00.0,691,31,57.53
0F:00.0,692,0,57.53
0F:00.0,693,0,57.53
0F:00.0,694,0,57.47
0F:00.0,695,0,57.47
0F:00.0,697,5,62.16
0F:00.0,698,31,58.40
0F:00.0,699,0,57.53
0F:00.0,700,0,57.53
0F:00.0,701,0,124.37
0F:00.0,702,28,57.80
0F:00.0,703,19,57.53
0F:00.0,704,5,57.53
0F:00.0,705,0,57.47
0F:00.0,706,0,57.53
0F:00.0,707,13,144.89
0F:00.0,708,31,57.53
0F:00.0,709,0,57.53
0F:00.0,710,0,57.53
0F:00.0,711,0,57.53
0F:00.0,712,0,57.53
0F:00.0,713,0,57.53
0F:00.0,714,31,57.47
0F:00.0,715,29,57.53
0F:00.0,716,0,57.47
0F:00.0,717,0,57.47
0F:00.0,718,0,57.47
0F:00.0,719,11,135.78
0F:00.0,720,31,58.34
0F:00.0,721,8,57.53
0F:00.0,722,0,57.53
0F:00.0,724,0,70.75
0F:00.0,725,0,70.48
0F:00.0,726,0,57.53
0F:00.0,727,31,57.80
0F:00.0,728,31,57.53
0F:00.0,729,0,57.53
0F:00.0,730,0,57.53
0F:00.0,731,0,57.53
0F:00.0,732,0,57.53
0F:00.0,733,31,57.53
0F:00.0,734,0,57.53
0F:00.0,735,0,57.80
0F:00.0,736,0,57.53
0F:00.0,737,0,128.74
0F:00.0,738,17,58.13
0F:00.0,739,31,57.53
0F:00.0,740,0,57.53
0F:00.0,741,0,57.53
0F:00.0,742,0,57.53
0F:00.0,743,0,162.47
0F:00.0,744,31,57.53
0F:00.0,745,31,57.53
0F:00.0,746,0,57.53
0F:00.0,748,0,57.53
0F:00.0,749,0,57.53
0F:00.0,750,0,62.83
0F:00.0,751,31,57.53
0F:00.0,752,0,57.53
0F:00.0,753,0,57.53
0F:00.0,754,0,57.53
0F:00.0,755,0,76.92
0F:00.0,756,0,65.45
0F:00.0,757,31,57.53
0F:00.0,758,0,57.53
0F:00.0,759,0,57.53
0F:00.0,760,0,57.53
0F:00.0,761,0,57.80
0F:00.0,762,31,57.53
0F:00.0,763,6,57.58
0F:00.0,764,0,57.53
0F:00.0,765,0,57.53
0F:00.0,766,0,57.53
0F:00.0,767,0,62.83
0F:00.0,768,31,57.53
0F:00.0,769,0,66.65
0F:00.0,770,0,66.32
0F:00.0,772,0,57.53
0F:00.0,773,0,57.53
0F:00.0,774,31,60.75
0F:00.0,775,31,57.53
0F:00.0,776,0,57.80
0F:00.0,777,0,57.53
0F:00.0,778,0,57.53
0F:00.0,779,0,57.53
0F:00.0,780,24,57.80
0F:00.0,781,0,57.53
0F:00.0,782,0,57.53
0F:00.0,783,0,57.53
0F:00.0,784,0,57.53
0F:00.0,785,31,57.53
0F:00.0,786,0,57.53
0F:00.0,787,0,57.53
0F:00.0,788,0,57.53
0F:00.0,789,0,57.53
0F:00.0,790,0,85.02
0F:00.0,791,19,57.53
0F:00.0,792,0,57.53
0F:00.0,793,0,57.53
0F:00.0,794,0,57.53
0F:00.0,796,0,57.80
0F:00.0,797,23,57.53
0F:00.0,798,0,57.53
0F:00.0,799,0,57.53
0F:00.0,800,0,57.53
0F:00.0,801,0,57.53
0F:00.0,802,0,57.53
0F:00.0,803,31,57.80
0F:00.0,804,0,57.53
0F:00.0,805,0,57.74
0F:00.0,806,0,57.53
0F:00.0,807,0,57.53
0F:00.0,808,31,71.27
0F:00.0,809,31,57.80
0F:00.0,810,0,57.47
0F:00.0,811,0,57.53
0F:00.0,812,0,57.53
0F:00.0,813,20,57.47
0F:00.0,814,31,58.13
0F:00.0,815,47,60.47
0F:00.0,816,28,63.91
0F:00.0,817,0,57.53
0F:00.0,818,0,57.53
0F:00.0,819,0,57.53
0F:00.0,821,0,57.47
0F:00.0,822,31,57.80
0F:00.0,823,0,57.53
0F:00.0,824,0,57.80
0F:00.0,825,0,57.53
0F:00.0,826,0,57.53
0F:00.0,827,31,58.94
0F:00.0,828,22,57.80
0F:00.0,829,0,57.53
0F:00.0,830,0,57.53
0F:00.0,831,0,57.53
0F:00.0,832,9,57.47
0F:00.0,833,31,57.80
0F:00.0,834,0,57.53
0F:00.0,835,0,57.53
0F:00.0,836,0,57.53
0F:00.0,837,0,57.53
0F:00.0,838,0,57.47
0F:00.0,839,31,57.53
0F:00.0,840,0,57.53
0F:00.0,841,0,57.53
0F:00.0,842,0,57.53
0F:00.0,843,0,57.53
0F:00.0,844,31,145.77
0F:00.0,845,0,57.53
0F:00.0,846,0,57.53
0F:00.0,848,0,57.53
0F:00.0,849,0,57.53
0F:00.0,850,0,57.53
0F:00.0,851,31,176.88
0F:00.0,852,0,57.53
0F:00.0,853,0,57.53
0F:00.0,854,0,57.47
0F:00.0,855,0,57.47
0F:00.0,856,31,58.07
0F:00.0,857,1,57.47
0F:00.0,858,0,57.47
0F:00.0,859,0,57.47
0F:00.0,860,0,57.53
0F:00.0,861,0,57.53
0F:00.0,862,0,59.60
0F:00.0,863,0,75.64
0F:00.0,864,31,57.53
0F:00.0,865,0,57.53
0F:00.0,866,0,57.53
0F:00.0,867,0,57.53
0F:00.0,868,0,57.53
0F:00.0,869,19,57.80
0F:00.0,870,31,57.53
0F:00.0,872,20,57.47
0F:00.0,873,0,57.53
0F:00.0,874,0,57.53
0F:00.0,875,0,57.53
0F:00.0,876,16,175.12
0F:00.0,877,31,57.53
0F:00.0,878,0,57.53
0F:00.0,879,0,57.53
0F:00.0,880,0,57.53
0F:00.0,881,0,57.53
0F:00.0,882,25,112.92
0F:00.0,883,31,57.74
0F:00.0,884,0,57.47
0F:00.0,885,0,57.47
0F:00.0,886,0,57.47
0F:00.0,887,0,57.74
0F:00.0,888,31,58.07
0F:00.0,889,11,57.47
0F:00.0,890,0,57.47
0F:00.0,891,0,57.47
0F:00.0,892,0,57.47
0F:00.0,893,0,57.74
0F:00.0,894,15,178.44
0F:00.0,895,31,57.80
0F:00.0,896,0,57.53
0F:00.0,897,0,57.53
0F:00.0,898,0,57.53
0F:00.0,900,0,94.24
0F:00.0,901,31,57.80
0F:00.0,902,0,57.53
0F:00.0,903,0,57.53
0F:00.0,904,0,57.53
0F:00.0,905,0,57.53
0F:00.0,906,31,63.36
0F:00.0,907,29,57.47
0F:00.0,908,29,60.09
0F:00.0,909,0,60.09
0F:00.0,910,0,57.53
0F:00.0,911,0,57.53
0F:00.0,912,0,57.53
0F:00.0,913,0,57.53
0F:00.0,914,31,57.80
0F:00.0,915,2,57.53
0F:00.0,916,0,57.53
0F:00.0,917,0,57.53
0F:00.0,918,0,57.53
0F:00.0,919,31,59.88
0F:00.0,920,29,57.53
0F:00.0,921,0,57.53
0F:00.0,922,0,57.53
0F:00.0,923,0,57.47
0F:00.0,925,31,59.00
0F:00.0,926,31,57.53
0F:00.0,927,14,57.53
0F:00.0,928,0,57.53
0F:00.0,929,0,57.53
0F:00.0,930,0,146.37
0F:00.0,931,26,57.53
0F:00.0,932,25,57.53
0F:00.0,933,0,57.53
0F:00.0,934,0,57.53
0F:00.0,935,0,57.47
0F:00.0,936,31,58.13
0F:00.0,937,5,57.47
0F:00.0,938,0,57.53
0F:00.0,939,0,57.53
0F:00.0,940,0,57.47
0F:00.0,941,0,60.75
0F:00.0,942,6,57.74
0F:00.0,943,0,57.47
0F:00.0,944,0,57.47
0F:00.0,945,0,57.53
0F:00.0,946,0,57.53
0F:00.0,947,0,57.47
0F:00.0,948,31,57.53
0F:00.0,950,0,58.13
0F:00.0,951,0,57.53
0F:00.0,952,0,57.53
0F:00.0,953,0,57.53
0F:00.0,954,31,135.51
0F:00.0,955,7,60.47
0F:00.0,956,29,57.53
0F:00.0,957,0,57.53
0F:00.0,958,0,57.47
0F:00.0,959,0,57.53
0F:00.0,960,0,57.53
0F:00.0,961,0,64.85
0F:00.0,962,6,57.80
0F:00.0,963,0,57.80
0F:00.0,964,0,57.47
0F:00.0,965,0,57.53
0F:00.0,966,0,57.53
0F:00.0,967,0,130.22
0F:00.0,968,0,57.53
0F:00.0,969,0,57.53
0F:00.0,970,0,57.53
0F:00.0,971,0,57.47
0F:00.0,972,0,57.53
0F:00.0,974,31,58.07
0F:00.0,975,0,57.47
0F:00.0,976,0,57.53
0F:00.0,977,0,57.47
0F:00.0,978,3,57.53
0F:00.0,979,31,57.53
0F:00.0,980,0,57.53
0F:00.0,981,0,57.47
0F:00.0,982,0,57.53
0F:00.0,983,0,57.47
0F:00.0,984,31,166.61
0F:00.0,985,21,57.47
0F:00.0,986,0,57.53
0F:00.0,987,0,57.53
0F:00.0,988,0,57.47
0F:00.0,989,31,94.14
0F:00.0,990,14,57.80
0F:00.0,991,0,57.53
0F:00.0,992,0,57.80
0F:00.0,993,0,57.53
0F:00.0,994,0,57.47
0F:00.0,995,0,98.84
0F:00.0,996,0,57.53
0F:00.0,997,0,57.53
0F:00.0,998,0,57.53
0F:00.0,1000,0,57.47
0F:00.0,1001,0,57.53
0F:00.0,1002,0,57.53
0F:00.0,1003,30,57.47
0F:00.0,1004,30,57.53
0F:00.0,1005,0,57.47
0F:00.0,1006,0,57.47
0F:00.0,1007,0,57.53
0F:00.0,1008,0,57.47
0F:00.0,1009,0,57.53
0F:00.0,1010,11,161.32
0F:00.0,1011,31,57.80
0F:00.0,1012,12,57.53
0F:00.0,1013,0,57.53
0F:00.0,1014,0,57.53
0F:00.0,1015,0,57.53
0F:00.0,1016,0,57.47
0F:00.0,1017,0,141.35
0F:00.0,1018,25,57.53
0F:00.0,1019,0,57.53
0F:00.0,1020,0,57.53
0F:00.0,1021,0,57.53
0F:00.0,1022,0,137.12
0F:00.0,1023,6,57.80
0F:00.0,1025,0,57.53
0F:00.0,1026,0,57.53
0F:00.0,1027,0,57.53
0F:00.0,1028,0,57.53
0F:00.0,1029,0,57.53
0F:00.0,1030,0,177.47
0F:00.0,1031,13,57.53
0F:00.0,1032,0,57.53
0F:00.0,1033,0,57.80
0F:00.0,1034,0,57.53
0F:00.0,1035,0,58.13
0F:00.0,1036,31,59.00
0F:00.0,1037,0,57.53
0F:00.0,1038,0,57.53
0F:00.0,1039,0,57.58
0F:00.0,1040,0,57.80
0F:00.0,1041,31,135.65
0F:00.0,1042,27,57.80
0F:00.0,1043,0,57.53
0F:00.0,1044,0,57.53
0F:00.0,1045,0,57.53
0F:00.0,1046,0,57.53
0F:00.0,1047,0,62.23
0F:00.0,1049,1,211.48
0F:00.0,1050,31,57.53
0F:00.0,1051,0,57.53
0F:00.0,1052,0,57.53
0F:00.0,1053,0,57.53
0F:00.0,1054,0,57.53
0F:00.0,1055,0,57.53
0F:00.0,1056,0,58.13
0F:00.0,1057,0,57.53
0F:00.0,1058,0,57.53
0F:00.0,1059,0,57.53
0F:00.0,1060,0,57.53
0F:00.0,1061,0,57.53
0F:00.0,1062,0,57.53
0F:00.0,1063,0,57.53
0F:00.0,1064,5,167.66
0F:00.0,1065,31,57.53
0F:00.0,1066,16,57.53
0F:00.0,1067,0,57.53
0F:00.0,1068,0,57.80
0F:00.0,1069,0,57.53
0F:00.0,1071,0,57.53
0F:00.0,1072,0,57.53
0F:00.0,1073,0,57.53
0F:00.0,1074,0,57.53
0F:00.0,1075,0,57.53
0F:00.0,1076,0,57.80
0F:00.0,1077,0,61.62
0F:00.0,1078,0,57.53
0F:00.0,1079,31,58.40
0F:00.0,1080,0,57.53
0F:00.0,1081,0,57.53
0F:00.0,1082,0,57.53
0F:00.0,1083,0,57.53
0F:00.0,1084,0,57.53
0F:00.0,1085,0,57.53
0F:00.0,1086,11,57.53
0F:00.0,1087,31,64.30
0F:00.0,1088,0,57.53
0F:00.0,1090,0,57.53
0F:00.0,1091,0,57.53
0F:00.0,1092,0,57.53
0F:00.0,1093,0,57.53
0F:00.0,1094,31,59.88
0F:00.0,1095,0,57.80
0F:00.0,1096,0,57.53
0F:00.0,1097,0,57.53
0F:00.0,1098,9,57.53
0F:00.0,1099,31,58.40
0F:00.0,1100,0,57.47
0F:00.0,1101,0,57.53
0F:00.0,1102,0,57.53
0F:00.0,1103,0,57.53
0F:00.0,1104,0,57.53
0F:00.0,1105,10,97.46
0F:00.0,1106,31,57.53
0F:00.0,1107,27,57.53
0F:00.0,1108,0,57.53
0F:00.0,1109,0,57.53
0F:00.0,1110,0,57.53
0F:00.0,1111,4,57.53
0F:00.0,1113,31,57.80
0F:00.0,1114,0,57.53
0F:00.0,1115,0,57.53
0F:00.0,1116,0,57.53
0F:00.0,1117,0,57.53
0F:00.0,1118,0,57.53
0F:00.0,1119,31,57.53
0F:00.0,1120,0,57.53
0F:00.0,1121,0,57.53
0F:00.0,1122,0,57.53
0F:00.0,1123,0,57.53
0F:00.0,1124,0,57.53
0F:00.0,1125,31,97.64
0F:00.0,1126,0,57.80
0F:00.0,1127,0,57.53
0F:00.0,1128,0,57.47
0F:00.0,1129,0,57.47
0F:00.0,1130,0,104.12
0F:00.0,1131,26,57.80
0F:00.0,1132,15,57.53
0F:00.0,1133,0,57.47
0F:00.0,1134,0,57.47
0F:00.0,1135,0,57.47
0F:00.0,1136,0,152.81
0F:00.0,1137,8,57.53
0F:00.0,1139,0,57.80
0F:00.0,1140,0,57.53
0F:00.0,1141,0,57.53
0F:00.0,1142,0,57.53
0F:00.0,1143,0,57.53
0F:00.0,1144,31,57.53
0F:00.0,1145,31,57.47
0F:00.0,1146,0,57.53
0F:00.0,1147,0,57.53
0F:00.0,1148,0,57.53
0F:00.0,1149,0,71.54
0F:00.0,1150,0,71.35
0F:00.0,1151,0,57.53
0F:00.0,1152,0,57.53
0F:00.0,1153,0,57.53
0F:00.0,1154,0,57.53
0F:00.0,1156,0,57.74
0F:00.0,1158,31,162.79
0F:00.0,1159,0,57.53
0F:00.0,1160,0,57.53
0F:00.0,1161,0,57.47
0F:00.0,1162,0,57.47
0F:00.0,1163,15,57.74
0F:00.0,1164,0,57.47
0F:00.0,1165,0,57.47
0F:00.0,1167,0,57.47
0F:00.0,1168,0,72.42
0F:00.0,1169,10,57.74
0F:00.0,1170,0,57.53
0F:00.0,1171,0,58.07
0F:00.0,1172,0,57.53
0F:00.0,1173,0,57.74
0F:00.0,1174,0,68.93
0F:00.0,1175,2,57.53
0F:00.0,1176,0,57.53
0F:00.0,1177,0,57.53
0F:00.0,1178,0,57.53
0F:00.0,1179,0,57.53
0F:00.0,1180,26,59.00
0F:00.0,1181,0,57.53
0F:00.0,1182,0,57.53
0F:00.0,1183,0,57.53
0F:00.0,1184,0,57.53
0F:00.0,1185,0,57.53
0F:00.0,1186,0,70.95
0F:00.0,1187,31,57.53
0F:00.0,1188,0,57.53
0F:00.0,1189,0,57.53
0F:00.0,1190,0,57.53
0F:00.0,1191,0,143.69
0F:00.0,1192,31,57.53
0F:00.0,1194,6,57.47
0F:00.0,1195,0,57.53
0F:00.0,1196,0,57.53
0F:00.0,1197,9,83.88
0F:00.0,1198,31,57.53
0F:00.0,1199,0,57.47
0F:00.0,1200,0,57.53
0F:00.0,1201,0,57.47
0F:00.0,1202,0,71.27
0F:00.0,1203,0,71.62
0F:00.0,1204,0,57.53
0F:00.0,1205,15,57.53
0F:00.0,1206,31,57.53
0F:00.0,1207,0,57.53
0F:00.0,1208,0,57.53
0F:00.0,1209,0,57.53
0F:00.0,1210,0,57.53
0F:00.0,1211,29,57.53
0F:00.0,1212,0,57.53
0F:00.0,1213,0,57.53
0F:00.0,1214,0,57.53
0F:00.0,1215,0,57.80
0F:00.0,1216,8,57.53
0F:00.0,1218,0,57.53
0F:00.0,1219,0,57.53
0F:00.0,1220,0,57.53
0F:00.0,1221,0,57.53
0F:00.0,1222,0,57.53
0F:00.0,1223,0,57.74
0F:00.0,1224,0,57.53
0F:00.0,1225,0,57.53
0F:00.0,1226,0,57.53
0F:00.0,1227,0,57.80
0F:00.0,1228,0,60.47
0F:00.0,1229,4,57.80
0F:00.0,1230,0,57.80
0F:00.0,1231,0,57.53
0F:00.0,1232,0,57.53
0F:00.0,1233,0,57.80
0F:00.0,1234,0,167.16
0F:00.0,1235,7,57.53
0F:00.0,1236,0,57.47
0F:00.0,1237,0,57.53
0F:00.0,1238,0,57.53
0F:00.0,1239,0,57.53
0F:00.0,1240,31,57.53
0F:00.0,1241,0,57.53
0F:00.0,1242,0,57.53
0F:00.0,1244,0,57.53
0F:00.0,1245,0,57.53
0F:00.0,1246,0,59.21
0F:00.0,1247,31,58.13
0F:00.0,1248,0,71.27
0F:00.0,1249,0,71.82
0F:00.0,1250,0,57.53
0F:00.0,1251,0,57.47
0F:00.0,1252,13,57.53
0F:00.0,1253,31,57.80
0F:00.0,1254,0,57.53
0F:00.0,1255,0,57.47
0F:00.0,1256,0,57.53
0F:00.0,1257,0,57.53
0F:00.0,1258,31,77.71
0F:00.0,1259,0,57.53
0F:00.0,1260,9,57.53
0F:00.0,1261,0,57.47
0F:00.0,1262,0,57.53
0F:00.0,1263,0,57.53
0F:00.0,1264,20,136.38
0F:00.0,1265,27,57.74
0F:00.0,1266,4,57.47
0F:00.0,1268,0,57.53
0F:00.0,1269,0,57.53
0F:00.0,1270,0,57.53
0F:00.0,1271,0,57.53
0F:00.0,1272,0,57.47
0F:00.0,1273,0,57.53
0F:00.0,1274,0,57.47
0F:00.0,1275,7,57.80
0F:00.0,1276,0,57.53
0F:00.0,1277,0,57.53
0F:00.0,1278,0,57.53
0F:00.0,1279,0,57.53
0F:00.0,1280,0,176.27
0F:00.0,1281,31,57.47
0F:00.0,1282,0,57.47
0F:00.0,1283,0,57.53
0F:00.0,1284,0,57.53
0F:00.0,1285,0,57.47
0F:00.0,1286,6,67.45
0F:00.0,1287,18,57.53
0F:00.0,1288,0,57.53
0F:00.0,1290,0,57.53
0F:00.0,1291,0,57.53
0F:00.0,1292,0,57.47
0F:00.0,1293,0,145.77
0F:00.0,1294,31,57.53
0F:00.0,1295,0,57.53
0F:00.0,1296,0,57.53
0F:00.0,1297,0,57.53
0F:00.0,1298,0,63.97
0F:00.0,1299,2,63.64
0F:00.0,1300,31,57.80
0F:00.0,1301,0,57.53
0F:00.0,1302,0,57.53
0F:00.0,1303,0,57.53
0F:00.0,1304,0,57.53
0F:00.0,1305,0,58.40
0F:00.0,1306,7,57.47
0F:00.0,1307,0,57.80
0F:00.0,1308,0,57.53
0F:00.0,1309,4,85.63
0F:00.0,1310,0,57.53
0F:00.0,1311,0,57.53
0F:00.0,1312,31,57.53
0F:00.0,1314,31,57.53
0F:00.0,1315,0,57.53
0F:00.0,1316,0,57.53
0F:00.0,1317,0,57.47
0F:00.0,1318,0,164.54
0F:00.0,1319,0,57.74
0F:00.0,1320,0,57.47
0F:00.0,1321,22,57.53
0F:00.0,1322,0,57.53
0F:00.0,1323,0,57.47
0F:00.0,1324,0,57.53
0F:00.0,1325,0,58.07
0F:00.0,1326,0,57.53
0F:00.0,1327,0,57.53
0F:00.0,1328,31,58.13
0F:00.0,1329,19,57.47
0F:00.0,1330,0,57.53
0F:00.0,1332,0,57.53
0F:00.0,1333,0,57.47
0F:00.0,1334,1,68.93
0F:00.0,1335,31,57.80
0F:00.0,1336,0,57.53
0F:00.0,1337,0,57.53
0F:00.0,1338,0,57.53
0F:00.0,1339,0,144.89
0F:00.0,1340,8,61.02
0F:00.0,1341,31,57.47
0F:00.0,1342,0,57.53
0F:00.0,1343,0,57.53
0F:00.0,1344,0,57.53
0F:00.0,1345,3,64.85
0F:00.0,1346,31,57.53
0F:00.0,1347,0,57.53
0F:00.0,1348,0,57.53
0F:00.0,1349,0,57.53
0F:00.0,1350,0,57.53
0F:00.0,1351,0,57.53
0F:00.0,1352,0,57.53
0F:00.0,1354,17,57.53
0F:00.0,1355,0,57.53
0F:00.0,1356,0,57.53
0F:00.0,1357,0,57.53
0F:00.0,1358,0,57.53
0F:00.0,1359,0,71.62
0F:00.0,1360,0,57.53
0F:00.0,1361,0,57.53
0F:00.0,1362,0,57.53
0F:00.0,1363,0,57.58
0F:00.0,1364,0,108.61
0F:00.0,1365,25,57.80
0F:00.0,1366,0,57.58
0F:00.0,1367,0,57.58
0F:00.0,1368,0,57.53
0F:00.0,1369,0,175.59
0F:00.0,1370,31,57.58
0F:00.0,1371,31,57.58
0F:00.0,1373,0,57.58
0F:00.0,1374,0,57.58
0F:00.0,1375,0,57.58
0F:00.0,1376,0,150.89
0F:00.0,1377,31,57.58
0F:00.0,1378,0,57.58
0F:00.0,1379,0,57.58
0F:00.0,1380,0,57.31
0F:00.0,1381,0,145.65
0F:00.0,1382,28,57.58
0F:00.0,1383,31,57.58
0F:00.0,1384,0,57.53
0F:00.0,1385,0,57.53
0F:00.0,1386,0,57.53
0F:00.0,1387,0,57.53
0F:00.0,1388,0,57.53
0F:00.0,1389,0,57.53
0F:00.0,1390,0,57.53
0F:00.0,1392,0,57.58
0F:00.0,1393,0,57.25
0F:00.0,1394,0,57.25
0F:00.0,1395,0,57.80
0F:00.0,1396,0,57.53
0F:00.0,1397,31,73.97
0F:00.0,1398,0,57.53
0F:00.0,1399,31,57.53
0F:00.0,1400,0,57.53
0F:00.0,1401,0,57.53
0F:00.0,1402,4,75.71
0F:00.0,1403,31,57.53
0F:00.0,1404,20,57.53
0F:00.0,1405,0,57.53
0F:00.0,1406,0,57.53
0F:00.0,1407,0,57.53
0F:00.0,1408,29,57.53
0F:00.0,1409,31,57.53
0F:00.0,1410,0,57.53
0F:00.0,1412,0,57.53
0F:00.0,1413,0,57.53
0F:00.0,1414,31,123.30
0F:00.0,1415,31,57.53
0F:00.0,1416,25,63.70
0F:00.0,1417,10,63.70
0F:00.0,1418,0,57.53
0F:00.0,1419,0,57.53
0F:00.0,1420,3,66.65
0F:00.0,1421,31,57.53
0F:00.0,1422,9,57.53
0F:00.0,1423,0,57.53
0F:00.0,1424,0,57.53
0F:00.0,1425,0,57.47
0F:00.0,1426,31,57.53
0F:00.0,1427,31,57.53
0F:00.0,1428,0,57.53
0F:00.0,1429,0,57.53
0F:00.0,1430,0,57.47
0F:00.0,1431,0,57.47
0F:00.0,1432,0,141.08
0F:00.0,1433,31,57.80
0F:00.0,1434,31,57.53
0F:00.0,1435,31,58.13
0F:00.0,1436,0,57.53
0F:00.0,1438,0,57.53
0F:00.0,1439,0,57.53
0F:00.0,1440,9,59.00
0F:00.0,1441,31,57.53
0F:00.0,1442,0,57.47
0F:00.0,1443,0,57.53
0F:00.0,1444,0,57.53
0F:00.0,1445,0,57.53
0F:00.0,1446,2,60.41
0F:00.0,1447,31,57.53
0F:00.0,1448,0,57.53
0F:00.0,1449,0,57.53
0F:00.0,1450,0,57.53
0F:00.0,1451,8,58.73
0F:00.0,1452,31,57.53
0F:00.0,1453,0,57.74
0F:00.0,1454,0,57.47
0F:00.0,1455,0,57.74
0F:00.0,1456,0,150.74
0F:00.0,1457,31,57.80
0F:00.0,1458,0,57.53
0F:00.0,1459,0,57.53
0F:00.0,1460,0,57.53
0F:00.0,1461,0,121.16
0F:00.0,1463,0,275.76
0F:00.0,1464,0,57.80
0F:00.0,1465,0,57.53
0F:00.0,1466,0,57.47
0F:00.0,1467,0,57.47
0F:00.0,1468,0,145.77
0F:00.0,1469,31,57.53
0F:00.0,1470,0,57.53
0F:00.0,1471,0,57.53
0F:00.0,1472,0,57.53
0F:00.0,1473,0,139.33
0F:00.0,1474,6,58.67
0F:00.0,1475,31,57.53
0F:00.0,1476,31,57.47
0F:00.0,1477,0,57.53
0F:00.0,1478,0,57.53
0F:00.0,1479,0,57.47
0F:00.0,1480,0,174.20
0F:00.0,1481,0,57.53
0F:00.0,1482,0,57.47
0F:00.0,1483,0,57.47
0F:00.0,1484,0,57.53
0F:00.0,1485,0,74.24
0F:00.0,1486,31,57.53
0F:00.0,1488,0,57.53
0F:00.0,1489,0,57.53
0F:00.0,1490,0,57.53
0F:00.0,1491,20,179.82
0F:00.0,1492,31,57.53
0F:00.0,1493,0,57.53
0F:00.0,1494,0,57.53
0F:00.0,1495,0,57.53
0F:00.0,1496,14,168.96
0F:00.0,1497,31,57.80
0F:00.0,1498,22,57.53
0F:00.0,1499,0,57.53
0F:00.0,1500,0,57.53
0F:00.0,1501,0,57.53
0F:00.0,1502,28,117.73
0F:00.0,1503,31,57.53
0F:00.0,1504,29,57.53
0F:00.0,1505,0,57.53
0F:00.0,1506,0,57.80
0F:00.0,1507,0,57.53
0F:00.0,1508,0,71.35
0F:00.0,1509,0,71.35
0F:00.0,1510,0,163.24
0F:00.0,1511,31,57.53
0F:00.0,1512,27,57.53
0F:00.0,1513,0,57.53
0F:00.0,1515,0,57.53
0F:00.0,1516,0,57.80
0F:00.0,1517,9,155.91
0F:00.0,1518,31,57.53
0F:00.0,1519,0,57.53
0F:00.0,1520,0,57.80
0F:00.0,1521,0,57.53
0F:00.0,1522,26,57.80
0F:00.0,1523,31,57.53
0F:00.0,1524,0,57.53
0F:00.0,1525,0,57.53
0F:00.0,1526,0,57.53
0F:00.0,1527,15,177.75
0F:00.0,1528,31,57.53
0F:00.0,1529,0,57.53
0F:00.0,1530,14,57.53
0F:00.0,1531,0,57.53
0F:00.0,1532,0,57.53
0F:00.0,1533,0,57.53
0F:00.0,1534,28,57.53
0F:00.0,1535,31,57.53
0F:00.0,1536,0,57.53
0F:00.0,1537,0,57.53
0F:00.0,1538,0,57.53
0F:00.0,1539,0,57.53
0F:00.0,1541,31,57.53
0F:00.0,1542,31,57.47
0F:00.0,1543,0,57.47
0F:00.0,1544,0,57.53
0F:00.0,1545,0,57.53
0F:00.0,1546,0,57.47
0F:00.0,1547,31,57.53
0F:00.0,1548,0,57.47
0F:00.0,1549,0,57.80
0F:00.0,1550,0,57.53
0F:00.0,1551,24,124.37
0F:00.0,1552,22,57.80
0F:00.0,1553,0,57.47
0F:00.0,1554,0,71.27
0F:00.0,1555,0,71.35
0F:00.0,1556,0,57.53
0F:00.0,1557,0,154.88
0F:00.0,1558,31,57.53
0F:00.0,1559,0,57.53
0F:00.0,1560,0,57.53
0F:00.0,1561,0,57.53
0F:00.0,1562,0,57.53
0F:00.0,1563,0,57.80
0F:00.0,1565,0,57.53
0F:00.0,1566,31,65.98
0F:00.0,1567,0,57.53
0F:00.0,1568,0,57.53
0F:00.0,1569,0,57.47
0F:00.0,1570,0,57.53
0F:00.0,1571,0,159.25
0F:00.0,1572,4,57.53
0F:00.0,1573,0,57.53
0F:00.0,1574,0,57.53
0F:00.0,1575,0,58.13
0F:00.0,1576,18,161.05
0F:00.0,1577,31,57.53
0F:00.0,1578,31,57.53
0F:00.0,1579,0,57.53
0F:00.0,1580,0,57.53
0F:00.0,1581,0,57.53
0F:00.0,1582,0,57.53
0F:00.0,1583,0,124.92
0F:00.0,1584,0,57.53
0F:00.0,1585,0,57.53
0F:00.0,1587,0,57.53
0F:00.0,1588,0,57.47
0F:00.0,1589,0,57.47
0F:00.0,1590,31,57.53
0F:00.0,1591,0,57.47
0F:00.0,1592,0,57.47
0F:00.0,1593,0,57.53
0F:00.0,1594,0,57.47
0F:00.0,1595,29,57.47
0F:00.0,1596,0,57.47
0F:00.0,1597,0,57.53
0F:00.0,1598,0,57.53
0F:00.0,1599,0,57.53
0F:00.0,1600,0,57.53
0F:00.0,1602,31,57.53
0F:00.0,1603,0,57.53
0F:00.0,1604,0,57.47
0F:00.0,1605,31,57.80
0F:00.0,1606,0,57.53
0F:00.0,1607,0,57.19
0F:00.0,1608,0,57.53
0F:00.0,1609,10,57.53
0F:00.0,1610,0,57.53
0F:00.0,1611,0,57.80
0F:00.0,1612,0,57.80
0F:00.0,1613,0,57.80
0F:00.0,1614,0,57.80
0F:00.0,1616,0,57.74
0F:00.0,1617,0,57.74
0F:00.0,1618,31,57.74
0F:00.0,1619,0,57.80
0F:00.0,1620,0,57.74
0F:00.0,1621,0,57.74
0F:00.0,1622,0,57.80
0F:00.0,1623,0,57.74
0F:00.0,1624,0,57.74
0F:00.0,1625,0,57.80
0F:00.0,1626,0,57.80
0F:00.0,1628,23,57.80
0F:00.0,1629,0,57.80
0F:00.0,1630,0,57.74
0F:00.0,1631,31,57.74
0F:00.0,1632,0,57.80
0F:00.0,1633,0,57.74
0F:00.0,1634,26,74.77
0F:00.0,1635,0,58.13
0F:00.0,1636,0,57.80
0F:00.0,1637,0,57.74
0F:00.0,1638,0,57.80
0F:00.0,1640,0,57.80
0F:00.0,1641,0,57.74
0F:00.0,1642,0,57.74
0F:00.0,1643,0,57.74
0F:00.0,1644,0,57.74
0F:00.0,1645,0,57.74
0F:00.0,1646,0,57.80
0F:00.0,1647,0,57.74
0F:00.0,1648,0,57.53
0F:00.0,1649,0,57.47
0F:00.0,1650,0,57.80
0F:00.0,1651,0,57.80
0F:00.0,1652,0,57.74
0F:00.0,1654,0,57.47
0F:00.0,1655,0,57.53
0F:00.0,1656,0,57.80
0F:00.0,1657,0,57.80
0F:00.0,1658,0,57.80
0F:00.0,1659,0,57.53
0F:00.0,1660,0,57.53
0F:00.0,1661,0,57.47
0F:00.0,1662,0,57.53
0F:00.0,1663,0,57.47
0F:00.0,1664,0,57.80
0F:00.0,1665,0,57.53
0F:00.0,1666,0,57.80
0F:00.0,1668,0,57.53
0F:00.0,1669,0,57.80
0F:00.0,1670,0,57.53
0F:00.0,1671,0,57.80
0F:00.0,1672,0,57.80
0F:00.0,1673,0,57.53
0F:00.0,1674,31,57.80
0F:00.0,1675,0,57.53
0F:00.0,1676,0,57.80
0F:00.0,1677,0,57.80
0F:00.0,1678,0,57.80
0F:00.0,1679,31,58.40
0F:00.0,1680,4,57.80
0F:00.0,1681,0,57.80
0F:00.0,1682,0,57.80
0F:00.0,1683,0,57.80
0F:00.0,1684,9,166.88
0F:00.0,1685,31,59.60
0F:00.0,1686,24,57.80
0F:00.0,1688,0,57.80
0F:00.0,1689,0,57.80
0F:00.0,1690,0,57.80
0F:00.0,1691,22,57.80
0F:00.0,1692,31,57.80
0F:00.0,1693,5,57.80
0F:00.0,1694,0,57.80
0F:00.0,1695,0,58.13
0F:00.0,1696,0,106.58
0F:00.0,1697,17,57.80
0F:00.0,1698,0,57.80
0F:00.0,1699,0,57.80
0F:00.0,1700,0,57.80
0F:00.0,1701,0,57.80
0F:00.0,1702,31,60.75
0F:00.0,1703,31,57.80
0F:00.0,1704,0,57.80
0F:00.0,1705,0,57.80
0F:00.0,1706,0,57.80
0F:00.0,1707,0,57.80
0F:00.0,1708,0,57.80
0F:00.0,1709,28,58.40
0F:00.0,1710,0,58.13
0F:00.0,1712,0,57.80
0F:00.0,1713,0,57.53
0F:00.0,1714,0,61.62
0F:00.0,1715,9,122.57
0F:00.0,1716,26,73.29
0F:00.0,1717,28,58.34
0F:00.0,1718,0,57.80
0F:00.0,1719,0,57.80
0F:00.0,1720,0,57.80
0F:00.0,1721,0,57.74
0F:00.0,1722,31,181.24
0F:00.0,1723,0,57.80
0F:00.0,1724,0,57.80
0F:00.0,1725,0,57.74
0F:00.0,1726,0,57.80
0F:00.0,1727,0,116.74
0F:00.0,1728,31,139.00
0F:00.0,1729,13,57.74
0F:00.0,1730,0,57.80
0F:00.0,1731,0,57.80
0F:00.0,1732,0,57.80
0F:00.0,1733,0,57.74
0F:00.0,1734,22,57.80
0F:00.0,1735,0,57.74
0F:00.0,1736,0,57.74
0F:00.0,1738,0,57.74
0F:00.0,1739,0,57.74
0F:00.0,1740,31,57.74
0F:00.0,1741,0,57.74
0F:00.0,1742,0,57.74
0F:00.0,1743,0,57.74
0F:00.0,1744,0,57.80
0F:00.0,1745,6,57.80
0F:00.0,1746,31,59.88
0F:00.0,1747,0,57.80
0F:00.0,1748,0,57.80
0F:00.0,1749,0,57.80
0F:00.0,1750,9,57.80
0F:00.0,1751,31,173.65
0F:00.0,1752,17,57.80
0F:00.0,1753,0,57.80
0F:00.0,1754,0,57.80
0F:00.0,1755,0,58.13
0F:00.0,1756,0,99.21
0F:00.0,1757,14,57.80
0F:00.0,1758,0,58.13
0F:00.0,1759,0,57.80
0F:00.0,1760,0,57.80
0F:00.0,1761,0,57.80
0F:00.0,1763,0,57.80
0F:00.0,1764,31,178.35
0F:00.0,1765,31,57.80
0F:00.0,1766,0,57.80
0F:00.0,1767,0,57.80
0F:00.0,1768,0,57.80
0F:00.0,1769,31,75.97
0F:00.0,1770,11,57.80
0F:00.0,1771,0,57.80
0F:00.0,1772,0,57.80
0F:00.0,1773,0,58.13
0F:00.0,1774,0,57.80
0F:00.0,1775,31,60.69
0F:00.0,1776,23,57.80
0F:00.0,1777,0,57.80
0F:00.0,1778,0,57.80
0F:00.0,1779,0,57.80
0F:00.0,1780,31,180.97
0F:00.0,1781,31,57.74
0F:00.0,1782,0,57.74
0F:00.0,1783,0,57.74
0F:00.0,1784,0,57.74
0F:00.0,1785,0,57.74
0F:00.0,1786,0,140.20
0F:00.0,1788,4,151.66
0F:00.0,1789,31,57.80
0F:00.0,1790,13,57.80
0F:00.0,1791,0,57.80
0F:00.0,1792,0,57.80
0F:00.0,1793,0,170.43
0F:00.0,1794,31,57.80
0F:00.0,1795,5,57.80
0F:00.0,1796,0,57.80
0F:00.0,1797,0,57.80
0F:00.0,1798,14,73.62
0F:00.0,1799,31,58.13
0F:00.0,1800,6,57.80
0F:00.0,1801,0,57.80
0F:00.0,1802,0,57.74
0F:00.0,1803,0,57.80
0F:00.0,1804,0,120.83
0F:00.0,1805,31,57.80
0F:00.0,1806,20,57.80
0F:00.0,1807,0,71.82
0F:00.0,1808,0,71.82
0F:00.0,1809,0,57.74
0F:00.0,1810,0,57.74
0F:00.0,1811,23,61.56
0F:00.0,1812,27,57.74
0F:00.0,1814,0,57.74
0F:00.0,1815,0,57.74
0F:00.0,1816,0,58.07
0F:00.0,1817,31,57.80
0F:00.0,1818,0,57.74
0F:00.0,1819,0,57.74
0F:00.0,1820,0,57.74
0F:00.0,1821,0,57.74
0F:00.0,1822,31,58.07
0F:00.0,1823,0,57.74
0F:00.0,1824,0,57.74
0F:00.0,1825,0,57.74
0F:00.0,1826,0,57.80
0F:00.0,1827,31,72.82
0F:00.0,1828,2,57.80
0F:00.0,1829,0,57.80
0F:00.0,1830,0,57.80
0F:00.0,1831,0,57.80
0F:00.0,1832,3,58.13
0F:00.0,1833,0,58.13
0F:00.0,1834,0,57.80
0F:00.0,1835,0,58.13
0F:00.0,1836,0,57.80
0F:00.0,1837,31,72.49
0F:00.0,1839,0,57.80
0F:00.0,1840,0,57.80
0F:00.0,1841,0,57.80
0F:00.0,1842,0,57.80
0F:00.0,1843,0,57.80
0F:00.0,1844,31,179.82
0F:00.0,1845,28,57.80
0F:00.0,1846,0,57.80
0F:00.0,1847,0,57.80
0F:00.0,1848,0,57.80
0F:00.0,1849,22,60.41
0F:00.0,1850,31,57.80
0F:00.0,1851,2,57.80
0F:00.0,1852,0,57.80
0F:00.0,1853,0,71.35
0F:00.0,1854,0,71.35
0F:00.0,1855,0,57.80
0F:00.0,1856,0,181.84
0F:00.0,1857,31,57.80
0F:00.0,1858,0,57.80
0F:00.0,1859,0,57.80
0F:00.0,1860,0,57.80
0F:00.0,1862,0,57.80
0F:00.0,1863,8,79.46
0F:00.0,1864,0,57.80
0F:00.0,1865,0,57.80
0F:00.0,1866,0,57.74
0F:00.0,1867,0,57.80
0F:00.0,1868,0,57.80
0F:00.0,1869,21,57.74
0F:00.0,1870,0,57.80
0F:00.0,1871,0,57.80
0F:00.0,1872,0,57.80
0F:00.0,1873,0,57.80
0F:00.0,1874,0,66.85
0F:00.0,1875,31,58.13
0F:00.0,1876,0,57.80
0F:00.0,1877,0,57.80
0F:00.0,1878,0,57.80
0F:00.0,1879,0,166.88
0F:00.0,1880,30,57.80
0F:00.0,1881,0,57.80
0F:00.0,1882,0,57.74
0F:00.0,1883,0,57.80
0F:00.0,1884,0,57.80
0F:00.0,1885,14,58.13
0F:00.0,1887,0,57.80
0F:00.0,1888,0,57.80
0F:00.0,1889,0,57.80
0F:00.0,1890,0,57.80
0F:00.0,1891,0,58.73
0F:00.0,1892,0,57.74
0F:00.0,1893,0,57.80
0F:00.0,1894,0,57.80
0F:00.0,1895,0,57.80
0F:00.0,1896,0,177.47
0F:00.0,1897,0,57.80
0F:00.0,1898,0,57.80
0F:00.0,1899,0,71.54
0F:00.0,1900,0,71.90
0F:00.0,1901,10,64.57
0F:00.0,1902,31,62.76
0F:00.0,1903,31,58.13
0F:00.0,1904,24,57.80
0F:00.0,1905,0,57.80
0F:00.0,1906,0,57.74
0F:00.0,1907,0,57.74
0F:00.0,1909,0,57.80
0F:00.0,1910,11,64.50
0F:00.0,1911,31,57.80
0F:00.0,1912,0,57.74
0F:00.0,1913,0,57.74
0F:00.0,1914,0,57.80
0F:00.0,1915,0,57.74
0F:00.0,1916,0,140.20
0F:00.0,1917,10,57.80
0F:00.0,1918,0,57.80
0F:00.0,1919,0,57.74
0F:00.0,1920,0,57.80
0F:00.0,1921,0,57.80
0F:00.0,1922,0,58.07
0F:00.0,1923,0,57.74
0F:00.0,1924,0,57.80
0F:00.0,1925,0,57.80
0F:00.0,1926,0,57.74
0F:00.0,1927,0,104.68
0F:00.0,1928,31,57.80
0F:00.0,1929,12,57.74
0F:00.0,1930,0,57.74
0F:00.0,1931,0,57.80
0F:00.0,1932,0,57.80
0F:00.0,1934,0,169.51
0F:00.0,1935,31,58.07
0F:00.0,1936,0,58.13
0F:00.0,1937,0,57.74
0F:00.0,1938,0,57.80
0F:00.0,1939,0,57.80
0F:00.0,1940,6,57.80
0F:00.0,1941,0,57.80
0F:00.0,1942,0,57.80
0F:00.0,1943,0,57.80
0F:00.0,1944,0,57.80
0F:00.0,1945,0,57.80
0F:00.0,1946,0,68.60
0F:00.0,1947,31,60.41
0F:00.0,1948,5,57.80
0F:00.0,1949,0,57.80
0F:00.0,1950,0,57.80
0F:00.0,1951,0,57.74
0F:00.0,1952,23,143.42
0F:00.0,1953,31,58.34
0F:00.0,1954,0,57.80
0F:00.0,1955,0,57.80
0F:00.0,1956,0,57.74
0F:00.0,1958,0,57.80
0F:00.0,1959,0,57.80
0F:00.0,1960,31,57.80
0F:00.0,1961,0,57.80
0F:00.0,1962,0,58.13
0F:00.0,1963,0,58.13
0F:00.0,1964,0,94.14
0F:00.0,1965,31,58.13
0F:00.0,1966,4,57.80
0F:00.0,1967,0,57.80
0F:00.0,1968,0,57.80
0F:00.0,1969,12,72.15
0F:00.0,1970,31,58.13
0F:00.0,1971,0,57.74
0F:00.0,1972,0,57.74
0F:00.0,1973,0,57.74
0F:00.0,1974,0,57.74
0F:00.0,1975,31,58.07
0F:00.0,1976,31,58.07
0F:00.0,1977,0,57.74
0F:00.0,1978,0,57.74
0F:00.0,1979,0,57.74
0F:00.0,1980,2,57.74
0F:00.0,1981,31,59.60
0F:00.0,1983,24,57.80
0F:00.0,1984,0,57.80
0F:00.0,1985,0,57.80
0F:00.0,1986,0,57.80
0F:00.0,1987,29,177.15
0F:00.0,1988,27,57.80
0F:00.0,1989,0,57.80
0F:00.0,1990,0,57.80
0F:00.0,1991,0,57.80
0F:00.0,1992,0,71.35
0F:00.0,1993,26,280.71
0F:00.0,1994,31,58.13
0F:00.0,1995,0,58.40
0F:00.0,1996,0,57.80
0F:00.0,1997,0,57.80
0F:00.0,1998,0,104.51
0F:00.0,1999,31,57.80
0F:00.0,2000,30,57.80
0F:00.0,2001,0,57.80
0F:00.0,2002,0,57.80
0F:00.0,2003,0,57.80
0F:00.0,2004,25,164.44
0F:00.0,2005,27,57.80
0F:00.0,2006,0,57.80
0F:00.0,2008,0,57.80
0F:00.0,2009,0,57.80
0F:00.0,2010,0,57.80
0F:00.0,2011,31,135.92
0F:00.0,2012,27,57.80
0F:00.0,2013,0,57.80
0F:00.0,2014,0,57.80
0F:00.0,2015,0,57.80
0F:00.0,2016,31,167.16
0F:00.0,2017,30,57.80
0F:00.0,2018,0,58.13
0F:00.0,2019,0,58.13
0F:00.0,2020,0,57.80
0F:00.0,2021,12,121.82
0F:00.0,2022,31,58.73
0F:00.0,2023,1,58.13
0F:00.0,2024,0,58.13
0F:00.0,2025,0,58.13
0F:00.0,2026,0,57.80
0F:00.0,2027,0,170.43
0F:00.0,2028,20,58.13
0F:00.0,2029,0,57.80
0F:00.0,2030,0,58.13
0F:00.0,2031,0,57.80
0F:00.0,2032,0,57.80
0F:00.0,2034,31,75.71
0F:00.0,2035,17,57.80
0F:00.0,2036,0,57.80
0F:00.0,2037,0,58.13
0F:00.0,2038,0,71.62
0F:00.0,2039,0,71.62
0F:00.0,2040,14,147.51
0F:00.0,2041,31,58.13
0F:00.0,2042,0,58.07
0F:00.0,2043,0,57.74
0F:00.0,2044,0,57.74
0F:00.0,2045,6,78.67
0F:00.0,2046,31,58.13
0F:00.0,2047,0,57.80
0F:00.0,2048,0,57.74
0F:00.0,2049,0,58.34
0F:00.0,2050,0,57.74
0F:00.0,2051,31,92.07
0F:00.0,2052,31,57.80
0F:00.0,2053,0,57.80
0F:00.0,2054,0,57.80
0F:00.0,2055,0,58.13
0F:00.0,2056,0,57.80
0F:00.0,2058,31,58.40
0F:00.0,2059,21,57.80
0F:00.0,2060,0,58.13
0F:00.0,2061,0,57.80
0F:00.0,2062,0,57.80
0F:00.0,2063,12,59.00
0F:00.0,2064,31,57.80
0F:00.0,2065,0,57.80
0F:00.0,2066,0,57.80
0F:00.0,2067,0,57.80
0F:00.0,2068,0,57.80
0F:00.0,2069,31,57.74
0F:00.0,2070,0,57.74
0F:00.0,2071,0,57.74
0F:00.0,2072,0,57.74
0F:00.0,2073,0,57.74
0F:00.0,2074,31,58.07
0F:00.0,2075,0,57.74
0F:00.0,2076,0,57.74
0F:00.0,2077,0,57.74
0F:00.0,2078,0,57.74
0F:00.0,2079,31,58.34
0F:00.0,2080,13,58.07
0F:00.0,2081,0,57.74
0F:00.0,2082,0,57.74
0F:00.0,2084,0,71.27
0F:00.0,2085,0,71.82
0F:00.0,2086,19,168.37
0F:00.0,2087,31,58.07
0F:00.0,2088,0,58.34
0F:00.0,2089,0,57.74
0F:00.0,2090,0,57.80
0F:00.0,2091,0,58.13
0F:00.0,2092,27,58.13
0F:00.0,2093,29,58.13
0F:00.0,2094,0,57.80
0F:00.0,2095,0,57.80
0F:00.0,2096,0,57.80
0F:00.0,2097,0,57.80
0F:00.0,2098,31,57.80
0F:00.0,2099,31,57.80
0F:00.0,2100,0,58.13
0F:00.0,2101,0,57.80
0F:00.0,2102,0,57.74
0F:00.0,2103,31,58.94
0F:00.0,2104,27,58.13
0F:00.0,2105,0,58.07
0F:00.0,2107,0,57.74
0F:00.0,2108,0,57.80
0F:00.0,2109,0,58.07
0F:00.0,2110,2,60.69
0F:00.0,2111,0,57.74
0F:00.0,2112,0,58.07
0F:00.0,2113,0,58.07
0F:00.0,2114,0,127.26
0F:00.0,2115,17,58.73
0F:00.0,2116,0,58.13
0F:00.0,2117,0,57.80
0F:00.0,2118,0,57.80
0F:00.0,2119,0,57.80
0F:00.0,2120,0,136.38
0F:00.0,2121,0,57.74
0F:00.0,2122,0,57.80
0F:00.0,2123,0,57.80
0F:00.0,2124,0,57.80
0F:00.0,2125,0,63.64
0F:00.0,2126,0,57.74
0F:00.0,2127,0,57.80
0F:00.0,2129,0,57.80
0F:00.0,2130,0,59.60
0F:00.0,2131,0,59.54
0F:00.0,2132,6,145.50
0F:00.0,2133,31,58.13
0F:00.0,2134,0,57.80
0F:00.0,2135,0,57.74
0F:00.0,2136,0,57.74
0F:00.0,2137,0,57.80
0F:00.0,2138,4,59.60
0F:00.0,2139,0,57.80
0F:00.0,2140,0,57.80
0F:00.0,2141,0,57.80
0F:00.0,2142,0,57.80
0F:00.0,2143,0,177.47
0F:00.0,2144,0,57.80
0F:00.0,2145,0,57.80
0F:00.0,2146,0,57.74
0F:00.0,2147,0,57.74
0F:00.0,2148,0,108.82
0F:00.0,2149,31,57.80
0F:00.0,2150,19,57.80
0F:00.0,2151,0,58.40
0F:00.0,2152,0,57.80
0F:00.0,2153,1,60.09
0F:00.0,2154,31,58.13
0F:00.0,2156,4,57.74
0F:00.0,2157,0,57.80
0F:00.0,2158,0,57.80
0F:00.0,2159,0,57.80
0F:00.0,2160,31,58.13
0F:00.0,2161,19,57.80
0F:00.0,2162,0,57.74
0F:00.0,2163,0,57.80
0F:00.0,2164,0,58.07
0F:00.0,2165,0,58.34
0F:00.0,2166,31,58.13
0F:00.0,2167,31,57.80
0F:00.0,2168,0,58.07
0F:00.0,2169,0,57.74
0F:00.0,2170,0,57.74
0F:00.0,2171,0,57.74
0F:00.0,2172,0,181.98
0F:00.0,2173,21,58.07
0F:00.0,2174,0,57.74
0F:00.0,2175,1,68.06
0F:00.0,2176,0,67.80
0F:00.0,2177,0,57.80
0F:00.0,2178,0,57.80
0F:00.0,2179,0,57.80
0F:00.0,2181,31,67.12
0F:00.0,2182,14,57.80
0F:00.0,2183,0,57.80
0F:00.0,2184,0,57.80
0F:00.0,2185,0,57.80
0F:00.0,2186,8,151.34
0F:00.0,2187,31,57.80
0F:00.0,2188,0,57.80
0F:00.0,2189,0,57.80
0F:00.0,2190,0,57.80
0F:00.0,2191,0,57.80
0F:00.0,2192,5,58.73
0F:00.0,2193,16,57.80
0F:00.0,2194,0,57.80
0F:00.0,2195,0,57.80
0F:00.0,2196,0,57.80
0F:00.0,2197,0,57.74
0F:00.0,2198,31,57.74
0F:00.0,2199,31,57.74
0F:00.0,2200,0,58.13
0F:00.0,2201,0,57.80
0F:00.0,2202,0,57.80
0F:00.0,2203,0,57.80
0F:00.0,2204,31,61.08
0F:00.0,2205,31,57.80
0F:00.0,2207,0,57.80
0F:00.0,2208,0,57.80
0F:00.0,2209,0,57.80
0F:00.0,2210,31,58.13
0F:00.0,2211,31,57.74
0F:00.0,2212,0,57.80
0F:00.0,2213,0,57.80
0F:00.0,2214,0,58.13
0F:00.0,2215,0,57.80
0F:00.0,2216,0,57.80
0F:00.0,2217,0,57.74
0F:00.0,2218,0,57.74
0F:00.0,2219,0,57.80
0F:00.0,2220,0,57.80
0F:00.0,2221,0,57.80
0F:00.0,2222,0,57.80
0F:00.0,2223,0,57.80
0F:00.0,2225,0,58.07
0F:00.0,2226,2,145.17
0F:00.0,2227,0,83.01
0F:00.0,2228,26,57.74
0F:00.0,2229,0,58.13
0F:00.0,2230,0,57.80
0F:00.0,2231,0,57.80
0F:00.0,2232,0,133.43
0F:00.0,2233,0,136.11
0F:00.0,2234,1,58.40
0F:00.0,2235,0,58.13
0F:00.0,2236,0,58.13
0F:00.0,2237,0,58.13
0F:00.0,2238,30,78.31
0F:00.0,2239,31,58.13
0F:00.0,2240,0,57.80
0F:00.0,2241,0,57.80
0F:00.0,2242,0,57.74
0F:00.0,2243,0,57.80
0F:00.0,2244,31,58.67
0F:00.0,2246,1,57.74
0F:00.0,2247,0,57.80
0F:00.0,2248,0,57.74
0F:00.0,2249,0,57.74
0F:00.0,2250,0,57.74
0F:00.0,2251,0,57.80
0F:00.0,2252,25,57.80
0F:00.0,2253,0,57.80
0F:00.0,2254,0,57.80
0F:00.0,2255,0,57.80
0F:00.0,2256,0,57.80
0F:00.0,2257,0,57.80
0F:00.0,2258,0,57.80
0F:00.0,2259,0,57.80
0F:00.0,2260,4,57.74
0F:00.0,2261,0,57.80
0F:00.0,2262,31,57.80
0F:00.0,2263,3,57.80
0F:00.0,2265,0,57.80
0F:00.0,2266,0,57.80
0F:00.0,2267,0,121.43
0F:00.0,2268,31,58.13
0F:00.0,2269,23,57.80
0F:00.0,2270,0,57.80
0F:00.0,2271,0,57.80
0F:00.0,2272,0,57.80
0F:00.0,2273,0,57.80
0F:00.0,2274,29,58.13
0F:00.0,2275,31,57.80
0F:00.0,2276,0,57.80
0F:00.0,2277,0,58.13
0F:00.0,2278,0,58.34
0F:00.0,2279,0,112.04
0F:00.0,2280,26,214.20
0F:00.0,2281,0,58.13
0F:00.0,2282,0,57.47
0F:00.0,2283,0,57.53
0F:00.0,2284,0,57.53
0F:00.0,2285,0,57.53
0F:00.0,2286,31,166.29
0F:00.0,2287,3,57.53
0F:00.0,2289,0,57.47
0F:00.0,2290,0,57.53
0F:00.0,2291,0,57.53
0F:00.0,2292,0,57.53
0F:00.0,2293,31,57.80
0F:00.0,2294,4,58.13
0F:00.0,2295,0,57.47
0F:00.0,2296,0,57.47
0F:00.0,2297,0,57.80
0F:00.0,2298,0,144.02
0F:00.0,2299,31,57.80
0F:00.0,2300,0,57.53
0F:00.0,2301,0,57.53
0F:00.0,2302,0,57.53
0F:00.0,2303,3,57.53
0F:00.0,2304,31,57.80
0F:00.0,2305,0,57.53
0F:00.0,2306,0,57.53
0F:00.0,2307,0,57.53
0F:00.0,2308,0,57.47
0F:00.0,2309,31,144.02
0F:00.0,2310,16,57.53
0F:00.0,2311,0,57.47
0F:00.0,2312,0,57.47
0F:00.0,2313,0,57.47
0F:00.0,2315,0,169.84
0F:00.0,2316,31,106.15
0F:00.0,2317,0,57.53
0F:00.0,2318,0,57.47
0F:00.0,2319,0,57.53
0F:00.0,2320,0,57.53
0F:00.0,2321,31,60.15
0F:00.0,2322,0,57.47
0F:00.0,2323,0,57.53
0F:00.0,2324,0,57.53
0F:00.0,2325,0,57.53
0F:00.0,2326,0,71.27
0F:00.0,2327,16,112.64
0F:00.0,2328,31,57.53
0F:00.0,2329,0,57.47
0F:00.0,2330,0,57.53
0F:00.0,2331,0,57.47
0F:00.0,2332,0,57.53
0F:00.0,2333,31,57.53
0F:00.0,2334,6,58.13
0F:00.0,2335,0,57.53
0F:00.0,2336,0,57.53
0F:00.0,2337,0,57.53
0F:00.0,2338,0,57.53
0F:00.0,2340,27,66.92
0F:00.0,2341,31,57.80
0F:00.0,2342,0,57.53
0F:00.0,2343,0,57.53
0F:00.0,2344,0,57.53
0F:00.0,2345,0,57.53
0F:00.0,2346,0,57.53
0F:00.0,2347,0,57.53
0F:00.0,2348,0,58.13
0F:00.0,2349,31,57.53
0F:00.0,2350,0,57.53
0F:00.0,2351,0,57.53
0F:00.0,2352,0,57.53
0F:00.0,2353,0,57.53
0F:00.0,2354,31,57.53
0F:00.0,2355,18,57.53
0F:00.0,2356,0,57.53
0F:00.0,2357,0,57.80
0F:00.0,2358,0,57.53
0F:00.0,2359,31,58.73
0F:00.0,2360,7,57.53
0F:00.0,2361,0,57.53
0F:00.0,2362,0,57.53
0F:00.0,2363,0,57.53
0F:00.0,2364,0,136.11
0F:00.0,2365,31,57.74
0F:00.0,2367,31,57.53
0F:00.0,2368,0,57.47
0F:00.0,2369,0,57.47
0F:00.0,2370,0,57.47
0F:00.0,2371,19,57.47
0F:00.0,2372,52,149.32
0F:00.0,2373,26,71.54
0F:00.0,2374,0,57.74
0F:00.0,2375,0,57.53
0F:00.0,2376,0,57.53
0F:00.0,2377,0,57.53
0F:00.0,2378,31,58.13
0F:00.0,2379,7,57.53
0F:00.0,2380,0,57.53
0F:00.0,2381,0,57.53
0F:00.0,2382,0,57.53
0F:00.0,2383,31,172.46
0F:00.0,2384,31,57.80
0F:00.0,2385,0,57.53
0F:00.0,2386,0,57.53
0F:00.0,2387,0,57.53
0F:00.0,2388,6,171.85
0F:00.0,2389,31,57.47
0F:00.0,2390,13,57.47
0F:00.0,2392,0,57.47
0F:00.0,2393,0,57.47
0F:00.0,2394,0,57.53
0F:00.0,2395,0,77.12
0F:00.0,2396,31,57.74
0F:00.0,2397,2,57.53
0F:00.0,2398,0,57.53
0F:00.0,2399,0,57.53
0F:00.0,2400,0,57.53
0F:00.0,2401,0,159.25
0F:00.0,2402,31,57.80
0F:00.0,2403,5,57.80
0F:00.0,2404,0,58.07
0F:00.0,2405,0,57.53
0F:00.0,2406,0,57.80
0F:00.0,2407,31,57.53
0F:00.0,2408,25,57.53
0F:00.0,2409,0,57.53
0F:00.0,2410,0,57.53
0F:00.0,2411,0,57.53
0F:00.0,2412,0,57.53
0F:00.0,2413,31,59.00
0F:00.0,2414,21,57.53
0F:00.0,2415,0,57.53
0F:00.0,2416,0,57.53
0F:00.0,2417,0,57.47
0F:00.0,2419,0,64.23
0F:00.0,2420,16,88.25
0F:00.0,2421,31,58.13
0F:00.0,2422,5,57.53
0F:00.0,2423,0,57.53
0F:00.0,2424,0,57.53
0F:00.0,2425,3,57.53
0F:00.0,2426,31,57.53
0F:00.0,2427,0,57.53
0F:00.0,2428,0,57.53
0F:00.0,2429,0,57.53
0F:00.0,2430,4,57.53
0F:00.0,2431,31,57.74
0F:00.0,2432,0,57.53
0F:00.0,2433,0,57.53
0F:00.0,2434,0,57.53
0F:00.0,2435,0,57.53
0F:00.0,2436,31,125.25
0F:00.0,2437,31,63.36
0F:00.0,2438,21,57.80
0F:00.0,2439,0,57.53
0F:00.0,2440,0,57.53
0F:00.0,2441,0,57.53
0F:00.0,2442,0,57.53
0F:00.0,2443,31,158.70
0F:00.0,2445,0,57.80
0F:00.0,2446,0,57.53
0F:00.0,2447,0,57.53
0F:00.0,2448,0,57.53
0F:00.0,2449,4,158.98
0F:00.0,2450,31,57.53
0F:00.0,2451,13,57.53
0F:00.0,2452,0,57.47
0F:00.0,2453,0,57.47
0F:00.0,2454,4,156.36
0F:00.0,2455,31,57.53
0F:00.0,2456,0,57.53
0F:00.0,2457,0,57.53
0F:00.0,2458,0,57.53
0F:00.0,2459,0,57.47
0F:00.0,2460,0,57.53
0F:00.0,2461,3,155.16
0F:00.0,2462,31,57.53
0F:00.0,2463,0,57.53
0F:00.0,2464,0,71.27
0F:00.0,2465,0,71.54
0F:00.0,2466,0,57.74
0F:00.0,2468,31,75.64
0F:00.0,2469,0,57.53
0F:00.0,2470,0,57.53
0F:00.0,2471,0,57.47
0F:00.0,2472,0,57.53
0F:00.0,2473,0,128.47
0F:00.0,2474,20,57.53
0F:00.0,2475,0,57.53
0F:00.0,2476,0,57.47
0F:00.0,2477,0,57.53
0F:00.0,2478,0,179.22
0F:00.0,2479,30,58.13
0F:00.0,2480,0,57.47
0F:00.0,2481,0,57.53
0F:00.0,2482,0,57.47
0F:00.0,2483,0,57.53
0F:00.0,2484,0,58.40
0F:00.0,2485,0,57.47
0F:00.0,2486,0,57.80
0F:00.0,2487,0,57.53
0F:00.0,2488,0,57.53
0F:00.0,2489,0,61.88
0F:00.0,2490,1,169.51
0F:00.0,2491,31,57.47
0F:00.0,2492,9,57.53
0F:00.0,2494,0,57.47
0F:00.0,2495,0,57.47
0F:00.0,2496,0,57.53
0F:00.0,2497,0,57.53
0F:00.0,2498,0,57.74
0F:00.0,2499,31,57.53
0F:00.0,2500,0,57.47
0F:00.0,2501,0,57.53
0F:00.0,2502,0,57.53
0F:00.0,2503,7,90.59
0F:00.0,2504,31,57.53
0F:00.0,2505,0,57.53
0F:00.0,2506,0,57.53
0F:00.0,2507,0,57.53
0F:00.0,2508,0,97.09
0F:00.0,2509,31,57.80
0F:00.0,2510,0,57.53
0F:00.0,2511,0,71.54
0F:00.0,2512,0,71.27
0F:00.0,2513,0,57.80
0F:00.0,2514,0,57.53
0F:00.0,2515,0,57.53
0F:00.0,2516,0,57.80
0F:00.0,2517,0,57.53
0F:00.0,2519,0,57.53
0F:00.0,2520,0,57.47
0F:00.0,2521,0,57.47
0F:00.0,2522,31,99.43
0F:00.0,2523,0,57.53
0F:00.0,2524,0,57.53
0F:00.0,2525,0,57.53
0F:00.0,2526,0,57.53
0F:00.0,2527,31,86.50
0F:00.0,2528,16,57.53
0F:00.0,2529,0,57.74
0F:00.0,2530,0,57.47
0F:00.0,2531,0,57.53
0F:00.0,2532,8,57.53
0F:00.0,2533,31,58.13
0F:00.0,2534,0,57.47
0F:00.0,2535,0,57.53
0F:00.0,2536,0,57.80
0F:00.0,2537,0,57.53
0F:00.0,2538,0,57.80
0F:00.0,2539,0,57.53
0F:00.0,2540,0,57.53
0F:00.0,2542,0,57.53
0F:00.0,2543,0,57.47
0F:00.0,2544,0,75.64
0F:00.0,2545,31,57.53
0F:00.0,2546,11,57.53
0F:00.0,2547,0,57.47
0F:00.0,2548,0,57.53
0F:00.0,2549,0,57.53
0F:00.0,2550,0,148.99
0F:00.0,2551,31,57.74
0F:00.0,2552,2,57.53
0F:00.0,2553,0,57.53
0F:00.0,2554,0,57.47
0F:00.0,2555,21,106.75
0F:00.0,2556,31,57.80
0F:00.0,2557,0,57.53
0F:00.0,2558,0,57.53
0F:00.0,2559,0,57.53
0F:00.0,2560,5,57.53
0F:00.0,2561,31,57.53
0F:00.0,2562,0,57.53
0F:00.0,2563,0,57.53
0F:00.0,2564,0,57.80
0F:00.0,2565,0,57.53
0F:00.0,2567,0,108.22
0F:00.0,2568,31,57.53
0F:00.0,2569,31,57.53
0F:00.0,2570,6,57.53
0F:00.0,2571,0,57.53
0F:00.0,2572,0,57.53
0F:00.0,2573,0,57.53
0F:00.0,2574,0,173.93
0F:00.0,2575,0,57.53
0F:00.0,2576,0,57.53
0F:00.0,2577,0,57.53
0F:00.0,2578,0,57.53
0F:00.0,2579,0,57.53
0F:00.0,2580,0,57.53
0F:00.0,2581,0,57.53
0F:00.0,2582,0,57.53
0F:00.0,2583,0,57.53
0F:00.0,2584,0,57.53
0F:00.0,2585,28,57.53
0F:00.0,2586,0,57.58
0F:00.0,2587,0,57.53
0F:00.0,2588,0,57.53
0F:00.0,2590,0,57.53
0F:00.0,2591,0,179.82
0F:00.0,2592,15,57.53
0F:00.0,2593,0,57.53
0F:00.0,2594,0,57.53
0F:00.0,2595,0,57.53
0F:00.0,2596,31,144.77
0F:00.0,2597,31,57.53
0F:00.0,2598,0,57.53
0F:00.0,2599,0,57.53
0F:00.0,2600,0,57.53
0F:00.0,2601,6,57.53
0F:00.0,2602,31,57.58
0F:00.0,2603,0,57.53
0F:00.0,2604,0,57.53
0F:00.0,2605,0,57.53
0F:00.0,2606,0,57.53
0F:00.0,2607,25,57.53
0F:00.0,2608,0,57.53
0F:00.0,2609,0,57.53
0F:00.0,2610,0,57.53
0F:00.0,2611,0,57.53
0F:00.0,2612,0,132.88
0F:00.0,2613,9,57.53
0F:00.0,2615,0,57.53
0F:00.0,2616,0,57.53
0F:00.0,2617,0,57.53
0F:00.0,2618,0,57.53
0F:00.0,2619,0,57.53
0F:00.0,2620,31,141.95
0F:00.0,2621,31,60.75
0F:00.0,2622,3,57.53
0F:00.0,2623,0,57.53
0F:00.0,2624,0,57.53
0F:00.0,2625,0,57.53
0F:00.0,2626,31,178.62
0F:00.0,2627,16,57.53
0F:00.0,2628,0,57.53
0F:00.0,2629,0,57.53
0F:00.0,2630,0,57.53
0F:00.0,2631,16,114.66
0F:00.0,2632,31,58.73
0F:00.0,2633,0,57.53
0F:00.0,2634,0,57.53
0F:00.0,2635,0,57.53
0F:00.0,2636,0,57.80
0F:00.0,2637,0,57.53
0F:00.0,2638,31,63.70
0F:00.0,2639,0,57.53
0F:00.0,2641,0,57.74
0F:00.0,2642,0,57.80
0F:00.0,2643,0,58.13
0F:00.0,2644,22,148.99
0F:00.0,2645,31,58.07
0F:00.0,2646,0,57.53
0F:00.0,2647,0,57.53
0F:00.0,2648,0,57.53
0F:00.0,2649,0,57.53
0F:00.0,2650,0,140.20
0F:00.0,2651,0,57.53
0F:00.0,2652,0,57.53
0F:00.0,2653,0,57.53
0F:00.0,2654,0,57.53
0F:00.0,2655,0,83.55
0F:00.0,2656,31,57.47
0F:00.0,2657,0,57.53
0F:00.0,2658,0,57.53
0F:00.0,2659,0,57.80
0F:00.0,2660,0,139.93
0F:00.0,2661,31,57.53
0F:00.0,2662,0,57.53
0F:00.0,2663,0,57.47
0F:00.0,2664,0,71.27
0F:00.0,2665,3,71.27
0F:00.0,2666,16,59.00
0F:00.0,2667,0,70.95
0F:00.0,2669,0,53.43
0F:00.0,2670,0,52.83
0F:00.0,2671,0,53.10
0F:00.0,2672,0,53.10
0F:00.0,2673,0,53.10
0F:00.0,2674,0,53.10
0F:00.0,2675,0,53.10
0F:00.0,2676,0,53.10
0F:00.0,2677,0,53.10
0F:00.0,2678,0,53.10
0F:00.0,2679,0,53.10
0F:00.0,2680,0,52.83
0F:00.0,2681,0,53.10
0F:00.0,2682,0,53.10
0F:00.0,2683,0,53.10
0F:00.0,2684,0,52.83
0F:00.0,2685,0,53.10
0F:00.0,2686,0,52.83
0F:00.0,2687,0,52.83
0F:00.0,2688,0,53.10
0F:00.0,2689,0,52.83
0F:00.0,2690,0,52.78
0F:00.0,2691,0,52.83
0F:00.0,2692,0,52.83
0F:00.0,2693,0,52.83
0F:00.0,2694,0,52.78
0F:00.0,2695,0,52.78
0F:00.0,2696,0,52.83
0F:00.0,2697,0,52.83
0F:00.0,2698,0,52.78
0F:00.0,2699,0,52.83
0F:00.0,2700,0,52.83
0F:00.0,2701,0,52.83
0F:00.0,2702,0,52.83
0F:00.0,2703,0,52.83
0F:00.0,2704,0,52.83
0F:00.0,2705,0,52.83
0F:00.0,2706,0,52.83
0F:00.0,2707,0,52.78
0F:00.0,2708,0,52.83
0F:00.0,2709,0,52.83
0F:00.0,2710,0,52.83
0F:00.0,2711,0,52.83
0F:00.0,2712,0,52.83
0F:00.0,2713,0,52.78
0F:00.0,2714,0,52.83
0F:00.0,2715,0,52.83
0F:00.0,2716,0,52.83
0F:00.0,2717,0,52.83
0F:00.0,2718,0,52.78
0F:00.0,2719,0,52.83
0F:00.0,2721,0,52.83
0F:00.0,2722,0,52.83
0F:00.0,2723,0,52.83
0F:00.0,2724,0,52.83
0F:00.0,2725,0,52.83
0F:00.0,2726,0,52.83
0F:00.0,2727,0,52.83
0F:00.0,2728,0,52.83
0F:00.0,2729,0,52.83
0F:00.0,2730,0,52.83
0F:00.0,2731,0,52.83
0F:00.0,2732,0,52.83
0F:00.0,2733,0,52.83
0F:00.0,2734,0,52.83
0F:00.0,2735,0,52.83
0F:00.0,2736,0,52.83
0F:00.0,2737,0,52.83
0F:00.0,2738,0,52.83
0F:00.0,2739,0,52.83
0F:00.0,2740,0,52.83
0F:00.0,2741,0,52.83
0F:00.0,2742,0,52.83
0F:00.0,2743,0,52.83
0F:00.0,2744,0,52.83
0F:00.0,2745,0,52.83
0F:00.0,2746,0,52.83
0F:00.0,2747,0,52.83
0F:00.0,2748,0,52.83
0F:00.0,2749,0,52.83
0F:00.0,2750,0,52.83
0F:00.0,2751,0,52.83
0F:00.0,2752,0,52.83
0F:00.0,2753,0,52.83
0F:00.0,2754,0,52.83
0F:00.0,2755,0,52.83
0F:00.0,2756,0,52.83
0F:00.0,2757,0,52.83
0F:00.0,2758,0,52.83
0F:00.0,2759,0,52.83
0F:00.0,2760,0,52.83
0F:00.0,2761,0,52.83
0F:00.0,2762,0,52.83
0F:00.0,2764,0,52.83
0F:00.0,2765,0,52.83
0F:00.0,2766,0,52.83
